id,title,author,rating,review
1,To Kill a Mockingbird,Harper Lee,5,"This is a classic novel that everyone should read. The characters are memorable and the story is timeless."
2,The Great Gatsby,F. Scott Fitzgerald,4,"I enjoyed this book, but it's not my favorite. The writing is beautiful, but the characters are not very likable."
3,1984,George Orwell,5,"This book is a must-read for anyone interested in politics or dystopian fiction. It's a chilling portrayal of a totalitarian society."
4,Pride and Prejudice,Jane Austen,4,"This is a fun and engaging novel, but it's definitely a product of its time. The characters are charming, but the plot is predictable."
5,The Catcher in the Rye,J.D. Salinger,3,"I can understand why this book is a classic, but it wasn't really my thing. The protagonist is whiny and annoying."
6,To the Lighthouse,Virginia Woolf,4,"Woolf's writing is beautiful and poetic, but this book can be a bit challenging to read at times. The stream-of-consciousness style can be disorienting."
7,The Picture of Dorian Gray,Oscar Wilde,5,"This is a masterpiece of Victorian literature. The characters are complex and the themes are timeless. Highly recommended."
8,The Lord of the Rings,J.R.R. Tolkien,5,"Tolkien's epic fantasy trilogy is a must-read for anyone who loves adventure and world-building. The characters are memorable and the story is epic."
9,The Adventures of Huckleberry Finn,Mark Twain,3,"Twain's humor is on full display in this novel, but it can also be a bit cringe-worthy at times. The characters are memorable, but the plot is meandering."
10,One Hundred Years of Solitude,Gabriel Garcia Marquez,4,"This is a beautiful and surreal novel that explores the history of a fictional South American country. The characters are memorable, but the plot can be a bit confusing."
11,The Bell Jar,Sylvia Plath,4,"Plath's novel is a powerful exploration of mental illness and the challenges faced by women in the 1950s. The writing is beautiful, but the subject matter is heavy."
12,The Hitchhiker's Guide to the Galaxy,Douglas Adams,5,"This is a hilarious and irreverent sci-fi novel that pokes fun at the genre. Highly recommended for fans of satire and humor."
13,Beloved,Toni Morrison,5,"Morrison's novel is a haunting and powerful exploration of slavery and its aftermath. The characters are complex and the writing is beautiful."
14,The Road,Cormac McCarthy,4,"McCarthy's novel is a bleak and harrowing portrayal of a post-apocalyptic world. The writing is spare and powerful, but the plot can be a bit repetitive."
15,The Sun Also Rises,Ernest Hemingway,3,"This novel is a bit of a mixed bag. Hemingway's writing is beautiful, but the characters are not very likable and the plot is meandering."
16,Jane Eyre,Charlotte Bronte,5,"This is a classic novel that explores themes of love, independence, and identity. The characters are memorable and the writing is beautiful."
17,The Color Purple,Alice Walker,4,"Walker's novel is a powerful exploration of race, gender, and sexuality. The characters are complex and the writing is beautiful, but the subject matter is heavy."
18,The Handmaid's Tale,Margaret Atwood,4,"This is a powerful and disturbing novel that explores the dangers of a totalitarian society. Atwood's writing is beautiful, but the subject matter is heavy."
19,Brave New World,Aldous Huxley,4,"This dystopian novel is a classic exploration of the dangers of technology and mass society. The writing is thought-provoking, but the characters are not very memorable."
20,The Picture of Dorian Gray,Oscar Wilde,5,"This is a masterpiece of Victorian literature. The characters are complex and the themes are timeless. Highly recommended."
21,Crime and Punishment,Fyodor Dostoevsky,5,"This is a classic novel that explores the psychology of guilt and redemption. The characters are memorable and the writing is powerful."
22,Moby-Dick,Herman Melville,3,"Melville's novel is a classic exploration of obsession and revenge. The writing is beautiful, but the plot can be a bit slow-moving."
23,The Brothers Karamazov,Fyodor Dostoevsky,5,"This is a dense and complex novel that explores themes of faith, morality, and redemption. The characters are memorable and the writing is powerful."
24,The Wind-Up Bird Chronicle,Haruki Murakami,4,"Murakami's surreal and dreamlike novel is a powerful exploration of memory and identity. The characters are memorable, but the plot can be a bit confusing at times."
25,The Remains of the Day,Kazuo Ishiguro,4,"Ishiguro's novel is a beautiful exploration of memory, regret, and the human condition. The writing is powerful, but the plot can be a bit slow-moving."
26,Invisible Man,Ralph Ellison,4,"Ellison's novel is a powerful exploration of race, identity, and the challenges faced by black Americans in the mid-twentieth century. The writing is beautiful, but the subject matter is heavy."
27,The Name of the Rose,Umberto Eco,4,"Eco's novel is a complex and intricate mystery that explores themes of religion, power, and knowledge. The writing is beautiful, but the plot can be a bit dense at times."
28,The Catcher in the Rye,J.D. Salinger,4,"This classic novel explores themes of alienation, identity, and the struggles of adolescence. The writing is powerful, but the protagonist can be polarizing."
29,One Hundred Years of Solitude,Gabriel Garcia Marquez,5,"This magical realist novel is a beautiful exploration of family, memory, and the cycles of life. The writing is poetic and unforgettable."
30,Beloved,Toni Morrison,5,"Morrison's novel is a haunting exploration of the legacy of slavery and the challenges faced by black Americans in the aftermath of the Civil War. The writing is powerful and unforgettable."
31,The Picture of Dorian Gray,Oscar Wilde,5,"This is a masterpiece of Victorian literature. The characters are complex and the themes are timeless. Highly recommended."
32,The Girl with the Dragon Tattoo,Stieg Larsson,4,"Larsson's thriller is a tense and engaging mystery that explores themes of family, revenge, and corruption. The characters are memorable, but the plot can be a bit convoluted at times."
33,The Road,Cormac McCarthy,4,"This post-apocalyptic novel is a bleak exploration of the human condition in the face of disaster. The writing is spare and powerful, but the plot can be a bit slow-moving."
34,The Adventures of Huckleberry Finn,Mark Twain,5,"This classic novel explores themes of race, identity, and the struggles of adolescence. The writing is funny, poignant, and unforgettable."
35,The Great Gatsby,F. Scott Fitzgerald,4,"This classic novel is a beautiful exploration of love, wealth, and the American Dream. The writing is powerful and the characters are memorable, but the plot can be a bit melodramatic at times."
36,The Sun Also Rises,Ernest Hemingway,4,"Hemingway's novel is a beautiful exploration of love, loss, and the aftermath of war. The writing is spare and powerful, but the characters can be a bit cold and distant."
37,A Clockwork Orange,Anthony Burgess,3,"This dystopian novel is a disturbing exploration of violence, free will, and the nature of humanity. The writing is powerful, but the subject matter is heavy."
38,The Hitchhiker's Guide to the Galaxy,Douglas Adams,4,"Adams' novel is a hilarious and irreverent romp through space and time. The writing is funny and engaging, but the plot can be a bit disjointed at times."
39,The Hobbit,J.R.R. Tolkien,4,"Tolkien's classic novel is a charming and engaging adventure through Middle Earth. The writing is engaging and the characters are memorable, but the plot can be a bit slow-moving at times."
40,The Maltese Falcon,Dashiell Hammett,4,"Hammett's novel is a classic exploration of the hard-boiled detective genre. The writing is spare and powerful, but the plot can be a bit convoluted at times."
41,The Lord of the Flies,William Golding,4,"This classic novel is a disturbing exploration of the nature of humanity and the challenges of leadership. The writing is powerful and the characters are memorable, but the subject matter is heavy."
